window_sec,detector,eer,n_bonafide,n_spoof,tiempo_s
0.5,A (LFCC+SVM),0.03472389679286231,143,58,0.4
0.5,"B (AASIST-L, zero-shot)",0.41319025801784426,143,58,4.2
1.0,A (LFCC+SVM),0.03991596638655462,68,28,0.2
1.0,"B (AASIST-L, zero-shot)",0.3550420168067227,68,28,1.8
2.0,A (LFCC+SVM),0.0,32,13,0.2
2.0,"B (AASIST-L, zero-shot)",0.4651442307692308,32,13,0.8
3.0,A (LFCC+SVM),0.1375,20,8,0.2
3.0,"B (AASIST-L, zero-shot)",0.5,20,8,0.5
5.0,A (LFCC+SVM),0.0,10,5,0.2
5.0,"B (AASIST-L, zero-shot)",0.6,10,5,0.3
