path,label,group_id
/home/gabriel/AA_UNIVERSIDAD/proyecto_electrico/IE0499_deteccion_deepfakes/spoof_detection/examples/dummy_data/raw/real/speaker03_utt000.wav,real,speaker03
/home/gabriel/AA_UNIVERSIDAD/proyecto_electrico/IE0499_deteccion_deepfakes/spoof_detection/examples/dummy_data/raw/real/speaker03_utt001.wav,real,speaker03
/home/gabriel/AA_UNIVERSIDAD/proyecto_electrico/IE0499_deteccion_deepfakes/spoof_detection/examples/dummy_data/raw/real/speaker03_utt002.wav,real,speaker03
/home/gabriel/AA_UNIVERSIDAD/proyecto_electrico/IE0499_deteccion_deepfakes/spoof_detection/examples/dummy_data/raw/real/speaker04_utt000.wav,real,speaker04
/home/gabriel/AA_UNIVERSIDAD/proyecto_electrico/IE0499_deteccion_deepfakes/spoof_detection/examples/dummy_data/raw/real/speaker04_utt001.wav,real,speaker04
/home/gabriel/AA_UNIVERSIDAD/proyecto_electrico/IE0499_deteccion_deepfakes/spoof_detection/examples/dummy_data/raw/real/speaker04_utt002.wav,real,speaker04
/home/gabriel/AA_UNIVERSIDAD/proyecto_electrico/IE0499_deteccion_deepfakes/spoof_detection/examples/dummy_data/raw/fake/tts_speaker03_utt000.wav,fake,speaker03
/home/gabriel/AA_UNIVERSIDAD/proyecto_electrico/IE0499_deteccion_deepfakes/spoof_detection/examples/dummy_data/raw/fake/tts_speaker03_utt001.wav,fake,speaker03
/home/gabriel/AA_UNIVERSIDAD/proyecto_electrico/IE0499_deteccion_deepfakes/spoof_detection/examples/dummy_data/raw/fake/tts_speaker03_utt002.wav,fake,speaker03
/home/gabriel/AA_UNIVERSIDAD/proyecto_electrico/IE0499_deteccion_deepfakes/spoof_detection/examples/dummy_data/raw/fake/tts_speaker04_utt000.wav,fake,speaker04
/home/gabriel/AA_UNIVERSIDAD/proyecto_electrico/IE0499_deteccion_deepfakes/spoof_detection/examples/dummy_data/raw/fake/tts_speaker04_utt001.wav,fake,speaker04
/home/gabriel/AA_UNIVERSIDAD/proyecto_electrico/IE0499_deteccion_deepfakes/spoof_detection/examples/dummy_data/raw/fake/tts_speaker04_utt002.wav,fake,speaker04
